{
  "summaries": {
    "N0_M1": {
      "n_reps_total": 10,
      "n_reps_valid": 10,
      "median_rep": {
        "p50_us": 1627,
        "p95_us": 2476,
        "p99_us": 5201,
        "achieved_rps_total": 38.15,
        "attempts_per_second_per_coroutine_median": 56.3,
        "attempts_per_second_per_coroutine_iqr": 0.0,
        "attempts_per_coroutine": [
          3378
        ]
      },
      "iqr_p99_across_reps": 1417,
      "status": "OK"
    },
    "N0_M10": {
      "n_reps_total": 10,
      "n_reps_valid": 10,
      "median_rep": {
        "p50_us": 2801,
        "p95_us": 5054,
        "p99_us": 6667,
        "achieved_rps_total": 44.1,
        "attempts_per_second_per_coroutine_median": 23.333333333333332,
        "attempts_per_second_per_coroutine_iqr": 0.25,
        "attempts_per_coroutine": [
          1390,
          1404,
          1422,
          1393,
          1388,
          1405,
          1406,
          1411,
          1389,
          1396
        ]
      },
      "iqr_p99_across_reps": 1004,
      "status": "OK"
    },
    "N0_M50": {
      "n_reps_total": 10,
      "n_reps_valid": 10,
      "median_rep": {
        "p50_us": 10646,
        "p95_us": 16876,
        "p99_us": 21939,
        "achieved_rps_total": 46.65,
        "attempts_per_second_per_coroutine_median": 19.758333333333333,
        "attempts_per_second_per_coroutine_iqr": 0.4499999999999993,
        "attempts_per_coroutine": [
          1207,
          1203,
          1160,
          1159,
          1185,
          1175,
          1198,
          1195,
          1122,
          1184,
          1195,
          1178,
          1198,
          1200,
          1162,
          1207,
          1202,
          1163,
          1200,
          1154,
          1199,
          1205,
          1203,
          1181,
          1198,
          1187,
          1182,
          1169,
          1189,
          1186,
          1174,
          1137,
          1160,
          1181,
          1202,
          1183,
          1178,
          1179,
          1152,
          1197,
          1197,
          1170,
          1197,
          1164,
          1208,
          1176,
          1203,
          1161,
          1198,
          1188
        ]
      },
      "iqr_p99_across_reps": 6779,
      "status": "OK"
    },
    "N128_M1": {
      "n_reps_total": 15,
      "n_reps_valid": 0,
      "median_rep": null,
      "iqr_p99_across_reps": null,
      "status": "INSUFFICIENT-DATA"
    },
    "N128_M10": {
      "n_reps_total": 10,
      "n_reps_valid": 10,
      "median_rep": {
        "p50_us": 7097,
        "p95_us": 14969,
        "p99_us": 212018,
        "achieved_rps_total": 74.7,
        "attempts_per_second_per_coroutine_median": 21.0,
        "attempts_per_second_per_coroutine_iqr": 1.2250000000000014,
        "attempts_per_coroutine": [
          1395,
          1319,
          1253,
          1162,
          1255,
          1304,
          1238,
          1321,
          1265,
          1192
        ]
      },
      "iqr_p99_across_reps": 9310,
      "status": "OK"
    },
    "N128_M50": {
      "n_reps_total": 10,
      "n_reps_valid": 10,
      "median_rep": {
        "p50_us": 20226,
        "p95_us": 51164,
        "p99_us": 219155,
        "achieved_rps_total": 73.0,
        "attempts_per_second_per_coroutine_median": 16.700000000000003,
        "attempts_per_second_per_coroutine_iqr": 0.9250000000000007,
        "attempts_per_coroutine": [
          1081,
          1029,
          996,
          1005,
          981,
          1078,
          1031,
          1029,
          1031,
          1042,
          953,
          1038,
          993,
          1055,
          1058,
          960,
          1008,
          1004,
          924,
          984,
          889,
          963,
          982,
          990,
          952,
          963,
          1000,
          967,
          973,
          1033,
          1010,
          975,
          990,
          1102,
          991,
          971,
          950,
          1004,
          1019,
          1031,
          1015,
          1018,
          1024,
          1027,
          983,
          1059,
          1021,
          946,
          944,
          979
        ]
      },
      "iqr_p99_across_reps": 13059,
      "status": "OK"
    },
    "N32_M1": {
      "n_reps_total": 10,
      "n_reps_valid": 10,
      "median_rep": {
        "p50_us": 3883,
        "p95_us": 7150,
        "p99_us": 17580,
        "achieved_rps_total": 37.15,
        "attempts_per_second_per_coroutine_median": 48.666666666666664,
        "attempts_per_second_per_coroutine_iqr": 0.0,
        "attempts_per_coroutine": [
          2920
        ]
      },
      "iqr_p99_across_reps": 192641,
      "status": "OK"
    },
    "N32_M10": {
      "n_reps_total": 10,
      "n_reps_valid": 10,
      "median_rep": {
        "p50_us": 4231,
        "p95_us": 8252,
        "p99_us": 16768,
        "achieved_rps_total": 73.0,
        "attempts_per_second_per_coroutine_median": 22.983333333333334,
        "attempts_per_second_per_coroutine_iqr": 3.8291666666666657,
        "attempts_per_coroutine": [
          1376,
          1242,
          1382,
          1602,
          1365,
          1306,
          1597,
          1411,
          1603,
          1300
        ]
      },
      "iqr_p99_across_reps": 12726,
      "status": "OK"
    },
    "N32_M50": {
      "n_reps_total": 10,
      "n_reps_valid": 10,
      "median_rep": {
        "p50_us": 17912,
        "p95_us": 31577,
        "p99_us": 46530,
        "achieved_rps_total": 66.55,
        "attempts_per_second_per_coroutine_median": 17.825,
        "attempts_per_second_per_coroutine_iqr": 1.1875,
        "attempts_per_coroutine": [
          1127,
          947,
          1070,
          1042,
          1069,
          1087,
          1104,
          1018,
          1052,
          1116,
          1111,
          1029,
          995,
          1119,
          1072,
          992,
          1087,
          1055,
          1043,
          957,
          1071,
          1056,
          1105,
          1029,
          1078,
          1122,
          1140,
          993,
          954,
          1060,
          1085,
          1097,
          1042,
          1083,
          1101,
          1030,
          1081,
          1067,
          1115,
          1038,
          1029,
          1114,
          1016,
          1011,
          1069,
          1118,
          1043,
          1122,
          1135,
          1095
        ]
      },
      "iqr_p99_across_reps": 170719,
      "status": "OK"
    },
    "N8_M1": {
      "n_reps_total": 10,
      "n_reps_valid": 10,
      "median_rep": {
        "p50_us": 2241,
        "p95_us": 4619,
        "p99_us": 8099,
        "achieved_rps_total": 59.833333333333336,
        "attempts_per_second_per_coroutine_median": 69.71666666666667,
        "attempts_per_second_per_coroutine_iqr": 0.0,
        "attempts_per_coroutine": [
          4183
        ]
      },
      "iqr_p99_across_reps": 51921,
      "status": "OK"
    },
    "N8_M10": {
      "n_reps_total": 10,
      "n_reps_valid": 10,
      "median_rep": {
        "p50_us": 3064,
        "p95_us": 6073,
        "p99_us": 11832,
        "achieved_rps_total": 35.6,
        "attempts_per_second_per_coroutine_median": 20.916666666666668,
        "attempts_per_second_per_coroutine_iqr": 1.2791666666666686,
        "attempts_per_coroutine": [
          1354,
          1324,
          1310,
          1086,
          1255,
          1249,
          1340,
          1255,
          1237,
          1242
        ]
      },
      "iqr_p99_across_reps": 3578,
      "status": "OK"
    },
    "N8_M50": {
      "n_reps_total": 11,
      "n_reps_valid": 10,
      "median_rep": {
        "p50_us": 15125,
        "p95_us": 20736,
        "p99_us": 35901,
        "achieved_rps_total": 72.15,