{
  "cell": "p5202-fwd-with-cos",
  "reason": "duty_cycle_pct=0.000 < 1.0",
  "suspect_reason": null,
  "T_D1": [
    0.7279550653635489,
    0.9068382299937182,
    0.9179106822518539,
    0.92514627338183,
    0.922054879281358,
    0.9216283699275645,
    0.9252325188451568,
    0.9239843690584763,
    0.9238668090613797,
    0.919063294063294,
    0.9204664368240887,
    0.919608175735864
  ],
  "off_cpu_time_3to6": [
    0,
    0,
    0,
    0,
    0,
    0,
    0,
    0,
    0,
    0,
    0,
    0
  ],
  "voluntary_total_ns": 0,
  "involuntary_total_ns": 0,
  "n_blocks": 12,
  "rho_in": 0.8,
  "rho_out": 0.3,
  "duty_in_pct": 1.0,
  "duty_out_pct": 1.0,
  "nominal_window_ns": 60000000000
}
