{
  "cell": "p5201-fwd-with-cos",
  "reason": "duty_cycle_pct=0.000 < 1.0",
  "suspect_reason": null,
  "T_D1": [
    0.9839184450889572,
    0.9993186389579843,
    0.9996060366354909,
    0.9994101451938414,
    0.999125866025841,
    0.9993170054794436,
    0.9993239165299321,
    0.9995242559935249,
    0.9995532122632298,
    0.998810708891928,
    0.999707551213353,
    0.9996025505079125
  ],
  "off_cpu_time_3to6": [
    0,
    0,
    0,
    0,
    0,
    0,
    97723,
    19125,
    16864,
    15119,
    29999,
    0
  ],
  "voluntary_total_ns": 118305,
  "involuntary_total_ns": 60525,
  "n_blocks": 12,
  "rho_in": 0.8,
  "rho_out": 0.3,
  "duty_in_pct": 1.0,
  "duty_out_pct": 1.0,
  "nominal_window_ns": 60000000000
}
