{
  "verdict": "OUT",
  "rho": 0.29632388416997957,
  "pvalue": 0.3496723590877896,
  "duty_cycle_pct": 0.00029805,
  "warn_blocks": [
    0,
    2,
    3,
    4,
    5,
    6,
    7,
    8,
    9,
    10,
    11
  ]
}
