{
  "cell": "p5202-fwd-with-cos",
  "verdict": "INCONCLUSIVE",
  "T_D1": [
    0.722991372924927,
    0.9145302036053243,
    0.9251115238609646,
    0.9232209861441446,
    0.9253722282812277,
    0.9205683321520016,
    0.9190806367178367,
    0.9247130028714453,
    0.9259738154815029,
    0.9271499113649256,
    0.9217082131448373,
    0.9212310445424128
  ],
  "per_block": [
    {
      "b": 0,
      "T_D1": 0.722991372924927,
      "T_D1_elevated": false,
      "retry_count_delta": 0,
      "kick_count_delta": 14200,
      "kick_sum_ns_delta": 154697976,
      "kick_latency_mean_ns": 10894.223661971831,
      "kick_hist_delta": [
        0,
        0,
        2349,
        6320,
        4715,
        599,
        107,
        37,
        23,
        26,
        14,
        10,
        0,
        0,
        0,
        0
      ],
      "no_kick": false,
      "T1_in_sufficient_block": false,
      "T1_out_block": false
    },
    {
      "b": 1,
      "T_D1": 0.9145302036053243,
      "T_D1_elevated": false,
      "retry_count_delta": 0,
      "kick_count_delta": 381764,
      "kick_sum_ns_delta": 2680945505,
      "kick_latency_mean_ns": 7022.520470762041,
      "kick_hist_delta": [
        0,
        1,
        149389,
        153552,
        66252,
        6857,
        3945,
        1178,
        441,
        115,
        32,
        2,
        0,
        0,
        0,
        0
      ],
      "no_kick": false,
      "T1_in_sufficient_block": false,
      "T1_out_block": false
    },
    {
      "b": 2,
      "T_D1": 0.9251115238609646,
      "T_D1_elevated": false,
      "retry_count_delta": 0,
      "kick_count_delta": 438873,
      "kick_sum_ns_delta": 2833221090,
      "kick_latency_mean_ns": 6455.67416997628,
      "kick_hist_delta": [
        0,
        0,
        194067,
        165922,
        66364,
        6425,
        4645,
        1104,
        309,
        36,
        1,
        0,
        0,
        0,
        0,
        0
      ],
      "no_kick": false,
      "T1_in_sufficient_block": false,
      "T1_out_block": false
    },
    {
      "b": 3,
      "T_D1": 0.9232209861441446,
      "T_D1_elevated": false,
      "retry_count_delta": 0,
      "kick_count_delta": 447296,
      "kick_sum_ns_delta": 2892134088,
      "kick_latency_mean_ns": 6465.817016025182,
      "kick_hist_delta": [
        0,
        1,
        195885,
        169488,
        69205,
        6385,
        4959,
        1101,
        237,
        30,
        5,
        0,
        0,
        0,
        0,
        0
      ],
      "no_kick": false,
      "T1_in_sufficient_block": false,
      "T1_out_block": false
    },
    {
      "b": 4,
      "T_D1": 0.9253722282812277,
      "T_D1_elevated": true,
      "retry_count_delta": 0,
      "kick_count_delta": 439716,
      "kick_sum_ns_delta": 2849586559,
      "kick_latency_mean_ns": 6480.5159671242345,
      "kick_hist_delta": [
        0,
        0,
        193039,
        166496,
        67584,
        6354,
        4797,
        1130,
        272,
        37,
        7,
        0,
        0,
        0,
        0,
        0
      ],
      "no_kick": false,
      "T1_in_sufficient_block": false,
      "T1_out_block": false
    },
    {
      "b": 5,
      "T_D1": 0.9205683321520016,
      "T_D1_elevated": false,
      "retry_count_delta": 0,
      "kick_count_delta": 432305,
      "kick_sum_ns_delta": 2826547843,
      "kick_latency_mean_ns": 6538.318647713998,
      "kick_hist_delta": [
        0,
        0,
        187970,
        167296,
        63422,
        6873,
        5313,
        1114,
        281,
        33,
        2,
        0,
        1,
        0,
        0,
        0
      ],
      "no_kick": false,
      "T1_in_sufficient_block": false,
      "T1_out_block": false
    },
    {
      "b": 6,
      "T_D1": 0.9190806367178367,
      "T_D1_elevated": false,
      "retry_count_delta": 0,
      "kick_count_delta": 398231,
      "kick_sum_ns_delta": 2742268198,
      "kick_latency_mean_ns": 6886.1243800708635,
      "kick_hist_delta": [
        0,
        0,
        161147,
        160232,
        63151,
        7129,
        4714,
        1381,
        406,
        64,
        6,
        1,
        0,
        0,
        0,
        0
      ],
      "no_kick": false,
      "T1_in_sufficient_block": false,
      "T1_out_block": false
    },
    {
      "b": 7,
      "T_D1": 0.9247130028714453,
      "T_D1_elevated": false,
      "retry_count_delta": 0,
      "kick_count_delta": 444812,
      "kick_sum_ns_delta": 2826215752,
      "kick_latency_mean_ns": 6353.7309065402915,
      "kick_hist_delta": [
        0,
        0,
        200350,
        167402,
        64743,
        6047,
        5050,
        957,
        235,
        23,
        4,
        1,
        0,
        0,
        0,
        0
      ],
      "no_kick": false,
      "T1_in_sufficient_block": false,
      "T1_out_block": false
    },
    {
      "b": 8,
      "T_D1": 0.9259738154815029,
      "T_D1_elevated": true,
      "retry_count_delta": 0,
      "kick_count_delta": 455317,
      "kick_sum_ns_delta": 2834885444,
      "kick_latency_mean_ns": 6226.179659446057,
      "kick_hist_delta": [
        0,
        0,
        212532,
        167095,
        63002,
        6270,
        5311,
        916,
        186,
        5,
        0,
        0,
        0,
        0,
        0,
        0
      ],
      "no_kick": false,
      "T1_in_sufficient_block": false,
      "T1_out_block": false
    },
    {
      "b": 9,
      "T_D1": 0.9271499113649256,
      "T_D1_elevated": true,
      "retry_count_delta": 0,
      "kick_count_delta": 446667,
      "kick_sum_ns_delta": 2812019839,
      "kick_latency_mean_ns": 6295.562105550667,
      "kick_hist_delta": [
        0,
        0,
        205935,
        165217,
        63325,
        5873,
        4994,
        1058,
        244,
        20,
        1,
        0,
        0,
        0,
        0,
        0
      ],
      "no_kick": false,
      "T1_in_sufficient_block": false,
      "T1_out_block": false
    },
    {
      "b": 10,
      "T_D1": 0.9217082131448373,
      "T_D1_elevated": false,
      "retry_count_delta": 0,
      "kick_count_delta": 432479,
      "kick_sum_ns_delta": 2836553778,
      "kick_latency_mean_ns": 6558.824308232307,
      "kick_hist_delta": [
        0,
        0,
        188378,
        165385,
        65263,
        6846,
        5033,
        1254,
        290,
        28,
        2,
        0,
        0,
        0,
        0,
        0
      ],
      "no_kick": false,
      "T1_in_sufficient_block": false,
      "T1_out_block": false
    },
    {
      "b": 11,
      "T_D1": 0.9212310445424128,
      "T_D1_elevated": false,
      "retry_count_delta": 0,
      "kick_count_delta": 431194,
      "kick_sum_ns_delta": 2847408955,
      "kick_latency_mean_ns": 6603.5449356902,
      "kick_hist_delta": [
        0,
        0,
        188223,
        163791,
        65966,
        6771,
        4743,
        1275,
        374,
        46,
        5,
        0,
        0,
        0,
        0,
        0
      ],
      "no_kick": false,
      "T1_in_sufficient_block": false,
      "T1_out_block": false
    }
  ],
  "rho_retry": null,
  "rho_kick": -0.9230769230769231,
  "pvalue_retry": null,
  "pvalue_kick": 1.8621951098680993e-05,
  "retry_in_threshold": 1000,
  "retry_out_threshold": 100,
  "kick_lat_in_ns": 4096,
  "kick_lat_out_ns": 2048,
  "top_quartile_size": 3,
  "n_blocks": 12
}
