{
  "cell": "p5201-fwd-with-cos",
  "verdict": "INCONCLUSIVE",
  "T_D1": [
    0.9843188622754492,
    0.9992244568089274,
    0.9987829595831521,
    0.9990673137402415,
    0.9990277019914333,
    0.9989360914776302,
    0.9970384781334525,
    0.9975011316215361,
    0.9976355410334393,
    0.9990845134567259,
    0.9992921883615322,
    0.9993840477657029
  ],
  "per_block": [
    {
      "b": 0,
      "T_D1": 0.9843188622754492,
      "T_D1_elevated": false,
      "retry_count_delta": 0,
      "kick_count_delta": 25003,
      "kick_sum_ns_delta": 134067205,
      "kick_latency_mean_ns": 5362.0447546294445,
      "kick_hist_delta": [
        0,
        0,
        14170,
        6744,
        3725,
        330,
        30,
        3,
        0,
        1,
        0,
        0,
        0,
        0,
        0,
        0
      ],
      "no_kick": false,
      "T1_in_sufficient_block": false,
      "T1_out_block": false
    },
    {
      "b": 1,
      "T_D1": 0.9992244568089274,
      "T_D1_elevated": true,
      "retry_count_delta": 0,
      "kick_count_delta": 288261,
      "kick_sum_ns_delta": 1273318371,
      "kick_latency_mean_ns": 4417.241218895376,
      "kick_hist_delta": [
        0,
        0,
        217710,
        47272,
        19915,
        2990,
        311,
        41,
        22,
        0,
        0,
        0,
        0,
        0,
        0,
        0
      ],
      "no_kick": false,
      "T1_in_sufficient_block": false,
      "T1_out_block": false
    },
    {
      "b": 2,
      "T_D1": 0.9987829595831521,
      "T_D1_elevated": false,
      "retry_count_delta": 0,
      "kick_count_delta": 288989,
      "kick_sum_ns_delta": 1198506460,
      "kick_latency_mean_ns": 4147.239029859268,
      "kick_hist_delta": [
        0,
        0,
        230581,
        39183,
        17357,
        1587,
        220,
        48,
        13,
        0,
        0,
        0,
        0,
        0,
        0,
        0
      ],
      "no_kick": false,
      "T1_in_sufficient_block": false,
      "T1_out_block": false
    },
    {
      "b": 3,
      "T_D1": 0.9990673137402415,
      "T_D1_elevated": false,
      "retry_count_delta": 0,
      "kick_count_delta": 288412,
      "kick_sum_ns_delta": 1267272880,
      "kick_latency_mean_ns": 4393.967241307574,
      "kick_hist_delta": [
        0,
        0,
        221311,
        42593,
        21542,
        2520,
        362,
        60,
        23,
        1,
        0,
        0,
        0,
        0,
        0,
        0
      ],
      "no_kick": false,
      "T1_in_sufficient_block": false,
      "T1_out_block": false
    },
    {
      "b": 4,
      "T_D1": 0.9990277019914333,
      "T_D1_elevated": false,
      "retry_count_delta": 0,
      "kick_count_delta": 287812,
      "kick_sum_ns_delta": 1272423479,
      "kick_latency_mean_ns": 4421.023025447167,
      "kick_hist_delta": [
        0,
        0,
        222106,
        43244,
        18665,
        3399,
        338,
        41,
        19,
        0,
        0,
        0,
        0,
        0,
        0,
        0
      ],
      "no_kick": false,
      "T1_in_sufficient_block": false,
      "T1_out_block": false
    },
    {
      "b": 5,
      "T_D1": 0.9989360914776302,
      "T_D1_elevated": false,
      "retry_count_delta": 0,
      "kick_count_delta": 288288,
      "kick_sum_ns_delta": 1344366146,
      "kick_latency_mean_ns": 4663.274732212232,
      "kick_hist_delta": [
        0,
        0,
        204076,
        57628,
        23462,
        2734,
        310,
        60,
        16,
        0,
        2,
        0,
        0,
        0,
        0,
        0
      ],
      "no_kick": false,
      "T1_in_sufficient_block": false,
      "T1_out_block": false
    },
    {
      "b": 6,
      "T_D1": 0.9970384781334525,
      "T_D1_elevated": false,
      "retry_count_delta": 0,
      "kick_count_delta": 285097,
      "kick_sum_ns_delta": 1360123902,
      "kick_latency_mean_ns": 4770.740842590417,
      "kick_hist_delta": [
        0,
        0,
        199423,
        57380,
        24206,
        3437,
        557,
        68,
        25,
        1,
        0,
        0,
        0,
        0,
        0,
        0
      ],
      "no_kick": false,
      "T1_in_sufficient_block": false,
      "T1_out_block": false
    },
    {
      "b": 7,
      "T_D1": 0.9975011316215361,
      "T_D1_elevated": false,
      "retry_count_delta": 0,
      "kick_count_delta": 299556,
      "kick_sum_ns_delta": 1366671807,
      "kick_latency_mean_ns": 4562.324930897728,
      "kick_hist_delta": [
        0,
        0,
        225202,
        47996,
        21108,
        4610,
        561,
        57,
        22,
        0,
        0,
        0,
        0,
        0,
        0,
        0
      ],
      "no_kick": false,
      "T1_in_sufficient_block": false,
      "T1_out_block": false
    },
    {
      "b": 8,
      "T_D1": 0.9976355410334393,
      "T_D1_elevated": false,
      "retry_count_delta": 0,
      "kick_count_delta": 288099,
      "kick_sum_ns_delta": 1317077947,
      "kick_latency_mean_ns": 4571.615823033055,
      "kick_hist_delta": [
        0,
        0,
        205352,
        55431,
        24757,
        2199,
        273,
        67,
        18,
        1,
        1,
        0,
        0,
        0,
        0,
        0
      ],
      "no_kick": false,
      "T1_in_sufficient_block": false,
      "T1_out_block": false
    },
    {
      "b": 9,
      "T_D1": 0.9990845134567259,
      "T_D1_elevated": false,
      "retry_count_delta": 0,
      "kick_count_delta": 291251,
      "kick_sum_ns_delta": 1261681191,
      "kick_latency_mean_ns": 4331.9377135185805,
      "kick_hist_delta": [
        0,
        0,
        219085,
        49848,
        20742,
        1355,
        176,
        31,
        14,
        0,
        0,
        0,
        0,
        0,
        0,
        0
      ],
      "no_kick": false,
      "T1_in_sufficient_block": false,
      "T1_out_block": false
    },
    {
      "b": 10,
      "T_D1": 0.9992921883615322,
      "T_D1_elevated": true,
      "retry_count_delta": 0,
      "kick_count_delta": 300079,
      "kick_sum_ns_delta": 1270100096,
      "kick_latency_mean_ns": 4232.55241453084,
      "kick_hist_delta": [
        0,
        0,
        227908,
        52569,
        18673,
        733,
        131,
        34,
        30,
        1,
        0,
        0,
        0,
        0,
        0,
        0
      ],
      "no_kick": false,
      "T1_in_sufficient_block": false,
      "T1_out_block": false
    },
    {
      "b": 11,
      "T_D1": 0.9993840477657029,
      "T_D1_elevated": true,
      "retry_count_delta": 0,
      "kick_count_delta": 296452,
      "kick_sum_ns_delta": 1268003940,
      "kick_latency_mean_ns": 4277.265594430127,
      "kick_hist_delta": [
        0,
        0,
        223067,
        52557,
        19666,
        994,
        116,
        30,
        21,
        1,
        0,
        0,
        0,
        0,
        0,
        0
      ],
      "no_kick": false,
      "T1_in_sufficient_block": false,
      "T1_out_block": false
    }
  ],
  "rho_retry": null,
  "rho_kick": -0.7342657342657343,
  "pvalue_retry": null,
  "pvalue_kick": 0.006543490146837884,
  "retry_in_threshold": 1000,
  "retry_out_threshold": 100,
  "kick_lat_in_ns": 4096,
  "kick_lat_out_ns": 2048,
  "top_quartile_size": 3,
  "n_blocks": 12
}
